image,velocity,angular_velocity,x,y
images/camera_image_0.png,0.0,0.0,-7.5906856124692235,-6.411508364256613
images/camera_image_1.png,0.0,0.0,-7.590670059770255,-6.411506988359863
images/camera_image_2.png,0.0,0.0,-7.590655663959124,-6.411505690436123
