image,velocity,angular_velocity,x,y
camera_image_0.png,0.0,0.0,-5.299338118219162,-6.999999774345265
camera_image_1.png,0.0,0.0,-5.299338118219162,-6.999999774345265
camera_image_2.png,0.0,0.0,-5.299336140781052,-6.999999906992463
camera_image_3.png,0.0,0.0,-5.299327141340321,-6.999999887387105
camera_image_4.png,0.0,0.0,-5.299324084247169,-6.999999677271882
